{"cameraMode":{"drawMode":0,"name":"Shaded","section":"Shading Mode"},"sceneLighting":false,"audioPlay":false,"sceneViewState":{"showFog":true,"showMaterialUpdate":false,"showSkybox":false,"showFlares":true,"showImageEffects":true,"showParticleSystems":true},"in2DMode":false,"pivot":{"x":189.97314453125,"y":0.5740600228309631,"z":150.27020263671876},"rotation":{"x":-0.2742501199245453,"y":-0.006639956962317228,"z":0.0018876943504437805,"w":-0.9616608619689941},"size":1.7147382497787476,"orthographic":false}