{"cameraMode":{"drawMode":0,"name":"Shaded","section":"Shading Mode"},"sceneLighting":true,"audioPlay":false,"sceneViewState":{"showFog":true,"showMaterialUpdate":false,"showSkybox":true,"showFlares":true,"showImageEffects":true,"showParticleSystems":true},"in2DMode":false,"pivot":{"x":405.58221435546877,"y":153.6000518798828,"z":131.51361083984376},"rotation":{"x":-0.09317240864038468,"y":0.008062385022640229,"z":-0.0007532809395343065,"w":-0.9956371784210205},"size":412.2984619140625,"orthographic":false}