{"cameraMode":{"drawMode":0,"name":"Shaded","section":"Shading Mode"},"sceneLighting":true,"audioPlay":false,"sceneViewState":{"showFog":true,"showMaterialUpdate":false,"showSkybox":true,"showFlares":true,"showImageEffects":true,"showParticleSystems":true},"in2DMode":false,"pivot":{"x":298.537109375,"y":172.3407440185547,"z":-43.14312744140625},"rotation":{"x":-0.32711079716682436,"y":0.08968526124954224,"z":-0.031196556985378267,"w":-0.9402233958244324},"size":360.14605712890627,"orthographic":false}