{"cameraMode":{"drawMode":0,"name":"Shaded","section":"Shading Mode"},"sceneLighting":true,"audioPlay":false,"sceneViewState":{"showFog":true,"showMaterialUpdate":false,"showSkybox":true,"showFlares":true,"showImageEffects":true,"showParticleSystems":true},"in2DMode":false,"pivot":{"x":106.99580383300781,"y":-57.456783294677737,"z":134.21502685546876},"rotation":{"x":-0.2683064043521881,"y":0.7035310864448547,"z":-0.3323350250720978,"w":-0.5679870843887329},"size":110.28011322021485,"orthographic":false}