{"cameraMode":{"drawMode":0,"name":"Shaded","section":"Shading Mode"},"sceneLighting":true,"audioPlay":false,"sceneViewState":{"showFog":true,"showMaterialUpdate":false,"showSkybox":true,"showFlares":true,"showImageEffects":true,"showParticleSystems":true},"in2DMode":false,"pivot":{"x":189.6681671142578,"y":-2.3958282470703127,"z":143.5937042236328},"rotation":{"x":-0.40784189105033877,"y":-0.15036188066005708,"z":0.06829509139060974,"w":-0.8980140089988709},"size":46.276119232177737,"orthographic":false}