{"cameraMode":{"drawMode":0,"name":"Shaded","section":"Shading Mode"},"sceneLighting":true,"audioPlay":false,"sceneViewState":{"showFog":true,"showMaterialUpdate":false,"showSkybox":true,"showFlares":true,"showImageEffects":true,"showParticleSystems":true},"in2DMode":false,"pivot":{"x":21.233352661132814,"y":-145.56991577148438,"z":130.85162353515626},"rotation":{"x":-0.2331874668598175,"y":0.7437066435813904,"z":-0.32307010889053347,"w":-0.5367978811264038},"size":415.5999450683594,"orthographic":false}