{"cameraMode":{"drawMode":0,"name":"Shaded","section":"Shading Mode"},"sceneLighting":true,"audioPlay":false,"sceneViewState":{"showFog":true,"showMaterialUpdate":false,"showSkybox":true,"showFlares":true,"showImageEffects":true,"showParticleSystems":true},"in2DMode":false,"pivot":{"x":-14.491455078125,"y":-362.96746826171877,"z":99.99647521972656},"rotation":{"x":-0.3964165449142456,"y":0.5550320744514465,"z":-0.3397659361362457,"w":-0.6475750207901001},"size":703.84765625,"orthographic":false}