{"cameraMode":{"drawMode":0,"name":"Shaded","section":"Shading Mode"},"sceneLighting":true,"audioPlay":false,"sceneViewState":{"showFog":true,"showMaterialUpdate":false,"showSkybox":true,"showFlares":true,"showImageEffects":true,"showParticleSystems":true},"in2DMode":false,"pivot":{"x":25.89530372619629,"y":-1.3990554809570313,"z":204.84417724609376},"rotation":{"x":0.5245504379272461,"y":0.018147466704249383,"z":-0.011168277822434903,"w":0.8511479496955872},"size":35.694000244140628,"orthographic":false}