{"cameraMode":{"drawMode":0,"name":"Shaded","section":"Shading Mode"},"sceneLighting":false,"audioPlay":false,"sceneViewState":{"showFog":true,"showMaterialUpdate":false,"showSkybox":false,"showFlares":true,"showImageEffects":true,"showParticleSystems":true},"in2DMode":false,"pivot":{"x":182.5069580078125,"y":0.869141697883606,"z":151.85752868652345},"rotation":{"x":-0.03779958188533783,"y":-0.008396039716899395,"z":0.0003194316232111305,"w":-0.9992634057998657},"size":2.8578836917877199,"orthographic":false}